{
"lengthUnit": "mil",
"components": {
	"fields": ["COMPONENT_NO", "COMPONENT_NAME", "LAYER", "X_COORDINATE", "Y_COORDINATE", "ANGLE"],
	"rows": [
		[1, "C14", "T", 1435, -480, 0],
		[2, "C17", "T", 1480, -255, 180],
		[3, "C18", "T", 1065, -460, 0],
		[4, "L1", "T", 1240, -370, 90],
		[5, "R1", "T", 1065, -585, 0],
		[6, "R2", "T", 1065, -535, 0],
		[7, "R3", "T", 1060, -310, 0],
		[8, "R4", "T", 1060, -365, 0],
		[9, "R5", "T", 1060, -260, 0],
		[10, "R6", "T", 1270, -105, 90],
		[11, "R7", "T", 1325, -105, 270],
		[12, "U1", "T", 565, -360, 90],
		[13, "U2", "B", 765, -360, 90],
		[14, "U5", "T", 1455, -375, 90],
		[15, "U8", "T", 1705, -355, 0],
		[16, "U9", "T", 1295, -605, 270]
	]
},
"pins": {
	"fields": ["PIN_NO", "PIN_NAME", "PIN_X", "PIN_Y", "LAYER", "PIN_TYPE", "NET_NAME", "NET_TYPE", "PAD_SHAPE", "PAD_SIZEX", "PAD_SIZEY", "HOLE_SIZE", "PAD_ANGLE"],
	"rows": [
		[1, "C14_1", 1407.44, -480, "T", "SMD", "+3V3", "", "R", 31.5, 35.43, 0, 0],
		[2, "C14_2", 1462.56, -480, "T", "SMD", "GND", "GND", "R", 31.5, 35.43, 0, 0],
		[3, "C17_1", 1507.56, -255, "T", "SMD", "VBUS", "", "R", 31.5, 35.43, 0, 180],
		[4, "C17_2", 1452.44, -255, "T", "SMD", "GND", "GND", "R", 31.5, 35.43, 0, 180],
		[5, "C18_1", 1037.44, -460, "T", "SMD", "GND", "GND", "R", 31.5, 35.43, 0, 0],
		[6, "C18_2", 1092.56, -460, "T", "SMD", "+3V3", "", "R", 31.5, 35.43, 0, 0],
		[7, "L1_1", 1259.09, -332.01, "T", "SMD", "L1_1", "", "P", 21.12, 31.5, 0, 90],
		[8, "L1_2", 1220.32, -332.03, "T", "SMD", "GND", "GND", "P", 21.06, 31.54, 0, 90],
		[9, "L1_3", 1220.3, -408.03, "T", "SMD", "WS2812", "", "P", 21.08, 31.5, 0, 90],
		[10, "L1_4", 1259.69, -408.03, "T", "SMD", "+3V3", "", "P", 21.06, 31.5, 0, 90],
		[11, "R1_1", 1035.34, -585, "T", "SMD", "DT1", "", "R", 31.75, 34.02, 0, 0],
		[12, "R1_2", 1094.66, -585, "T", "SMD", "+3V3", "", "R", 31.75, 34.02, 0, 0],
		[13, "R2_1", 1035.34, -535, "T", "SMD", "DT0", "", "R", 31.75, 34.02, 0, 0],
		[14, "R2_2", 1094.66, -535, "T", "SMD", "+3V3", "", "R", 31.75, 34.02, 0, 0],
		[15, "R3_1", 1030.34, -310, "T", "SMD", "DT3", "", "R", 31.75, 34.02, 0, 0],
		[16, "R3_2", 1089.66, -310, "T", "SMD", "+3V3", "", "R", 31.75, 34.02, 0, 0],
		[17, "R4_1", 1030.34, -365, "T", "SMD", "CMD", "", "R", 31.75, 34.02, 0, 0],
		[18, "R4_2", 1089.66, -365, "T", "SMD", "+3V3", "", "R", 31.75, 34.02, 0, 0],
		[19, "R5_1", 1030.34, -260, "T", "SMD", "DT2", "", "R", 31.75, 34.02, 0, 0],
		[20, "R5_2", 1089.66, -260, "T", "SMD", "+3V3", "", "R", 31.75, 34.02, 0, 0],
		[21, "R6_1", 1270, -134.66, "T", "SMD", "USB_D-", "", "R", 31.75, 34.02, 0, 90],
		[22, "R6_2", 1270, -75.34, "T", "SMD", "$1N2716", "", "R", 31.75, 34.02, 0, 90],
		[23, "R7_1", 1325, -75.34, "T", "SMD", "USB_D+", "", "R", 31.75, 34.02, 0, 270],
		[24, "R7_2", 1325, -134.66, "T", "SMD", "$1N2714", "", "R", 31.75, 34.02, 0, 270],
		[25, "U1_1", 330.75, -634.61, "T", "SMD", "GND", "GND", "R", 15.75, 31.5, 0, 180],
		[26, "U1_2", 364.21, -634.61, "T", "SMD", "GND", "GND", "R", 15.75, 31.5, 0, 180],
		[27, "U1_3", 397.68, -634.61, "T", "SMD", "+3V3", "", "R", 15.75, 31.5, 0, 180],
		[28, "U1_4", 431.13, -634.61, "T", "SMD", "BOOT", "", "R", 15.75, 31.5, 0, 180],
		[29, "U1_5", 464.61, -634.61, "T", "SMD", "U1_5", "", "R", 15.75, 31.5, 0, 180],
		[30, "U1_6", 498.07, -634.61, "T", "SMD", "U1_6", "", "R", 15.75, 31.5, 0, 180],
		[31, "U1_7", 531.54, -634.61, "T", "SMD", "U1_7", "", "R", 15.75, 31.5, 0, 180],
		[32, "U1_8", 565, -634.61, "T", "SMD", "U1_8", "", "R", 15.75, 31.5, 0, 180],
		[33, "U1_9", 598.46, -634.61, "T", "SMD", "U1_9", "", "R", 15.75, 31.5, 0, 180],
		[34, "U1_10", 631.93, -634.61, "T", "SMD", "U1_10", "", "R", 15.75, 31.5, 0, 180],
		[35, "U1_11", 665.38, -634.61, "T", "SMD", "U1_11", "", "R", 15.75, 31.5, 0, 180],
		[36, "U1_12", 698.85, -634.61, "T", "SMD", "U1_12", "", "R", 15.75, 31.5, 0, 180],
		[37, "U1_13", 732.31, -634.61, "T", "SMD", "DT2", "", "R", 15.75, 31.5, 0, 180],
		[38, "U1_14", 765.78, -634.61, "T", "SMD", "DT3", "", "R", 15.75, 31.5, 0, 180],
		[39, "U1_15", 799.24, -634.61, "T", "SMD", "CMD", "", "R", 15.75, 31.5, 0, 180],
		[40, "U1_16", 841.58, -594.25, "T", "SMD", "CLK", "", "R", 15.75, 31.5, 0, 270],
		[41, "U1_17", 841.58, -560.79, "T", "SMD", "DT0", "", "R", 15.75, 31.5, 0, 270],
		[42, "U1_18", 841.58, -527.32, "T", "SMD", "DT1", "", "R", 15.75, 31.5, 0, 270],
		[43, "U1_19", 841.58, -493.86, "T", "SMD", "CD", "", "R", 15.75, 31.5, 0, 270],
		[44, "U1_20", 841.58, -460.39, "T", "SMD", "U1_20", "", "R", 15.75, 31.5, 0, 270],
		[45, "U1_21", 841.58, -426.93, "T", "SMD", "U1_21", "", "R", 15.75, 31.5, 0, 270],
		[46, "U1_22", 841.58, -393.46, "T", "SMD", "U1_22", "", "R", 15.75, 31.5, 0, 270],
		[47, "U1_23", 841.58, -360, "T", "SMD", "$1N2716", "", "R", 15.75, 31.5, 0, 270],
		[48, "U1_24", 841.58, -326.54, "T", "SMD", "$1N2714", "", "R", 15.75, 31.5, 0, 270],
		[49, "U1_25", 841.58, -293.07, "T", "SMD", "U1_25", "", "R", 15.75, 31.5, 0, 270],
		[50, "U1_26", 841.58, -259.61, "T", "SMD", "U1_26", "", "R", 15.75, 31.5, 0, 270],
		[51, "U1_27", 841.58, -226.14, "T", "SMD", "U1_27", "", "R", 15.75, 31.5, 0, 270],
		[52, "U1_28", 841.58, -192.68, "T", "SMD", "U1_28", "", "R", 15.75, 31.5, 0, 270],
		[53, "U1_29", 841.58, -159.21, "T", "SMD", "U1_29", "", "R", 15.75, 31.5, 0, 270],
		[54, "U1_30", 841.58, -125.75, "T", "SMD", "U1_30", "", "R", 15.75, 31.5, 0, 270],
		[55, "U1_31", 799.24, -85.39, "T", "SMD", "U1_31", "", "R", 15.75, 31.5, 0, 0],
		[56, "U1_32", 765.78, -85.39, "T", "SMD", "U1_32", "", "R", 15.75, 31.5, 0, 0],
		[57, "U1_33", 732.31, -85.39, "T", "SMD", "WS2812", "", "R", 15.75, 31.5, 0, 0],
		[58, "U1_34", 698.86, -85.39, "T", "SMD", "U1_34", "", "R", 15.75, 31.5, 0, 0],
		[59, "U1_35", 665.38, -85.39, "T", "SMD", "U1_35", "", "R", 15.75, 31.5, 0, 0],
		[60, "U1_36", 631.93, -85.39, "T", "SMD", "U1_36", "", "R", 15.75, 31.5, 0, 0],
		[61, "U1_37", 598.46, -85.39, "T", "SMD", "U1_37", "", "R", 15.75, 31.5, 0, 0],
		[62, "U1_38", 565, -85.39, "T", "SMD", "U1_38", "", "R", 15.75, 31.5, 0, 0],
		[63, "U1_39", 531.53, -85.39, "T", "SMD", "U1_39", "", "R", 15.75, 31.5, 0, 0],
		[64, "U1_40", 498.06, -85.39, "T", "SMD", "U1_40", "", "R", 15.75, 31.5, 0, 0],
		[65, "U1_41", 464.61, -85.39, "T", "SMD", "U1_41", "", "R", 15.75, 31.5, 0, 0],
		[66, "U1_42", 431.13, -85.39, "T", "SMD", "GND", "GND", "R", 15.75, 31.5, 0, 0],
		[67, "U1_43", 397.67, -85.39, "T", "SMD", "GND", "GND", "R", 15.75, 31.5, 0, 0],
		[68, "U1_44", 364.21, -85.39, "T", "SMD", "U1_44", "", "R", 15.75, 31.5, 0, 0],
		[69, "U1_45", 330.75, -85.39, "T", "SMD", "U1_45", "", "R", 15.75, 31.5, 0, 0],
		[70, "U1_46", 288.43, -125.75, "T", "SMD", "GND", "GND", "R", 15.75, 31.5, 0, 90],
		[71, "U1_47", 288.43, -159.21, "T", "SMD", "GND", "GND", "R", 15.75, 31.5, 0, 90],
		[72, "U1_48", 288.43, -192.68, "T", "SMD", "GND", "GND", "R", 15.75, 31.5, 0, 90],
		[73, "U1_49", 288.43, -226.14, "T", "SMD", "GND", "GND", "R", 15.75, 31.5, 0, 90],
		[74, "U1_50", 288.43, -259.61, "T", "SMD", "GND", "GND", "R", 15.75, 31.5, 0, 90],
		[75, "U1_51", 288.43, -293.07, "T", "SMD", "GND", "GND", "R", 15.75, 31.5, 0, 90],
		[76, "U1_52", 288.43, -326.54, "T", "SMD", "GND", "GND", "R", 15.75, 31.5, 0, 90],
		[77, "U1_53", 288.43, -360, "T", "SMD", "GND", "GND", "R", 15.75, 31.5, 0, 90],
		[78, "U1_54", 288.43, -393.46, "T", "SMD", "GND", "GND", "R", 15.75, 31.5, 0, 90],
		[79, "U1_55", 288.43, -426.93, "T", "SMD", "GND", "GND", "R", 15.75, 31.5, 0, 90],
		[80, "U1_56", 288.43, -460.39, "T", "SMD", "GND", "GND", "R", 15.75, 31.5, 0, 90],
		[81, "U1_57", 288.43, -493.86, "T", "SMD", "GND", "GND", "R", 15.75, 31.5, 0, 90],
		[82, "U1_58", 288.43, -527.32, "T", "SMD", "GND", "GND", "R", 15.75, 31.5, 0, 90],
		[83, "U1_59", 288.43, -560.79, "T", "SMD", "GND", "GND", "R", 15.75, 31.5, 0, 90],
		[84, "U1_60", 288.43, -594.25, "T", "SMD", "GND", "GND", "R", 15.75, 31.5, 0, 90],
		[85, "U1_GND", 289.4, -635.59, "T", "SMD", "GND", "GND", "R", 31.5, 31.5, 0, 180],
		[86, "U1_GND", 289.4, -84.41, "T", "SMD", "GND", "GND", "R", 31.5, 31.5, 0, 180],
		[87, "U1_GND", 840.58, -635.59, "T", "SMD", "GND", "GND", "R", 31.5, 31.5, 0, 180],
		[88, "U1_GND", 840.58, -84.41, "T", "SMD", "GND", "GND", "R", 31.5, 31.5, 0, 180],
		[89, "U1_GND", 500.04, -424.96, "T", "SMD", "GND", "GND", "R", 47.24, 47.24, 0, 180],
		[90, "U1_GND", 500.04, -360, "T", "SMD", "GND", "GND", "R", 47.24, 47.24, 0, 180],
		[91, "U1_GND", 500.04, -295.04, "T", "SMD", "GND", "GND", "R", 47.24, 47.24, 0, 180],
		[92, "U1_GND", 565, -424.96, "T", "SMD", "GND", "GND", "R", 47.24, 47.24, 0, 180],
		[93, "U1_GND", 565, -360, "T", "SMD", "GND", "GND", "R", 47.24, 47.24, 0, 180],
		[94, "U1_GND", 565, -295.04, "T", "SMD", "GND", "GND", "R", 47.24, 47.24, 0, 180],
		[95, "U1_GND", 629.96, -424.96, "T", "SMD", "GND", "GND", "R", 47.24, 47.24, 0, 180],
		[96, "U1_GND", 629.96, -360, "T", "SMD", "GND", "GND", "R", 47.24, 47.24, 0, 180],
		[97, "U1_GND", 629.96, -295.04, "T", "SMD", "GND", "GND", "R", 47.24, 47.24, 0, 180],
		[98, "U2_1", 963.82, -273.39, "B", "SMD", "DT2", "", "R", 27.56, 62.99, 0, 90],
		[99, "U2_2", 963.82, -316.69, "B", "SMD", "DT3", "", "R", 27.56, 62.99, 0, 90],
		[100, "U2_3", 963.82, -360, "B", "SMD", "CMD", "", "R", 27.56, 62.99, 0, 90],
		[101, "U2_4", 963.82, -403.31, "B", "SMD", "+3V3", "", "R", 27.56, 62.99, 0, 90],
		[102, "U2_5", 963.82, -446.61, "B", "SMD", "CLK", "", "R", 27.56, 62.99, 0, 90],
		[103, "U2_6", 963.82, -489.92, "B", "SMD", "GND", "GND", "R", 27.56, 62.99, 0, 90],
		[104, "U2_7", 963.82, -533.23, "B", "SMD", "DT0", "", "R", 27.56, 62.99, 0, 90],
		[105, "U2_8", 963.82, -576.54, "B", "SMD", "DT1", "", "R", 27.56, 62.99, 0, 90],
		[106, "U2_9", 963.82, -619.84, "B", "SMD", "CD", "", "R", 27.56, 62.99, 0, 90],
		[107, "U2_10", 940.2, -665.12, "B", "SMD", "GND", "GND", "R", 47.24, 62.99, 0, 90],
		[108, "U2_10", 566.18, -665.12, "B", "SMD", "GND", "GND", "R", 86.61, 47.24, 0, 0],
		[109, "U2_10", 566.18, -54.88, "B", "SMD", "GND", "GND", "R", 47.24, 86.61, 0, 90],
		[110, "U2_10", 944.13, -90.31, "B", "SMD", "GND", "GND", "R", 62.99, 55.12, 0, 90],
		[111, "U5_1", 1506.18, -412.39, "T", "SMD", "VBUS", "", "R", 24.5, 43.5, 0, 90],
		[112, "U5_2", 1506.18, -375.02, "T", "SMD", "GND", "GND", "R", 24.5, 43.5, 0, 90],
		[113, "U5_3", 1506.18, -337.61, "T", "SMD", "VBUS", "", "R", 24.5, 43.5, 0, 90],
		[114, "U5_4", 1403.82, -337.61, "T", "SMD", "GND", "GND", "R", 24.5, 43.5, 0, 90],
		[115, "U5_5", 1403.82, -412.39, "T", "SMD", "+3V3", "", "R", 24.5, 43.5, 0, 90],
		[116, "U8_1", 1870, -205, "T", "SMD", "VBUS", "", "R", 314.96, 74.8, 0, 0],
		[117, "U8_2", 1860, -303.82, "T", "SMD", "USB_D-", "", "R", 295.28, 78.74, 0, 0],
		[118, "U8_3", 1860, -406.18, "T", "SMD", "USB_D+", "", "R", 295.28, 78.74, 0, 0],
		[119, "U8_4", 1870, -505, "T", "SMD", "GND", "GND", "R", 314.96, 74.8, 0, 0],
		[120, "U9_1", 1257.6, -652.5, "T", "SMD", "+3V3", "", "R", 31.5, 39.37, 0, 0],
		[121, "U9_2", 1294.4, -557.5, "T", "SMD", "GND", "GND", "R", 31.5, 39.37, 0, 0],
		[122, "U9_3", 1332.4, -652.5, "T", "SMD", "BOOT", "", "R", 31.5, 39.37, 0, 0]
	]
}
}